id,combo,category,name,fileName,planType,includeType,inferredPlan,inferredIncludeType,issues,combinations
"694001b7d19257ee4d202b56","slack-to-teams","messaging","Slack to Teams Basic Plan - Basic Include","slack-to-teams-basic-plan-included.docx","","","basic","included","missing_planType|missing_includeType","[""slack-to-teams""]"
"694001b8d19257ee4d202b57","slack-to-teams","messaging","Slack to Teams Basic Plan - Basic Not Include","slack-to-teams-basic-plan-notincluded.docx","","","basic","notincluded","missing_planType|missing_includeType","[""slack-to-teams""]"
"69400400eafb4acacf0b5aaa","sharefile-to-google-sharedrive","content","ShareFile to Google SharedDrive Advanced Plan - Advanced Included","ShareFile to Google SharedDrive Advanced Plan - Advanced Included.docx","","","advanced","included","missing_planType|missing_includeType","[""sharefile-to-google-sharedrive"",""all""]"
"69400400eafb4acacf0b5aab","sharefile-to-google-sharedrive","content","ShareFile to Google SharedDrive Advanced Plan - Advanced Not Included","ShareFile to Google SharedDrive Advanced Plan - Advanced Not Included.docx","","","advanced","notincluded","missing_planType|missing_includeType","[""sharefile-to-google-sharedrive"",""all""]"
"694017cb3878a2d6dcc8137d","onedrive-to-onedrive","content","OneDrive to OneDrive Standard Plan - Included Features","OneDrive to OneDrive Standard Plan - Included Features.docx","","","standard","included","missing_planType|missing_includeType","[""onedrive-to-onedrive"",""all""]"
"69428e24e54890823fd61a97","slack-to-teams","messaging","Slack to Teams Standard Plan - Standard Include","slack-to-teams-standard-plan-included.docx","","","standard","included","missing_planType|missing_includeType","[""slack-to-teams""]"
"69428e25e54890823fd61a98","slack-to-teams","messaging","Slack to Teams Standard Plan - Standard Not Include","slack-to-teams-standard-plan-notincluded.docx","","","standard","notincluded","missing_planType|missing_includeType","[""slack-to-teams""]"
"69429aef12c8e5a0ca64c7bd","slack-to-teams","messaging","Slack to Teams Advanced Plan - Advanced Include","slack-to-teams-advanced-plan-included.docx","","","advanced","included","missing_planType|missing_includeType","[""slack-to-teams""]"
"69429aef12c8e5a0ca64c7be","slack-to-teams","messaging","Slack to Teams Advanced Plan - Advanced Not Include","slack-to-teams-advanced-plan-notincluded.docx","","","advanced","notincluded","missing_planType|missing_includeType","[""slack-to-teams""]"
"6944d1567c81e01956c7b2a5","dropbox-to-box","content","Dropbox to Box Advanced Plan - Advanced Include","Dropbox to Box Advanced Plan - Included Features.docx","","","advanced","included","missing_planType|missing_includeType","[""dropbox-to-box"",""all""]"
"6944d1567c81e01956c7b2a6","dropbox-to-box","content","Dropbox to Box Advanced Plan - Advanced Not Include","Dropbox to Box Advanced Plan - Not Included Features.docx","","","advanced","notincluded","missing_planType|missing_includeType","[""dropbox-to-box"",""all""]"
"6944d5979e58b1d93f4c9baa","dropbox-to-box","content","Dropbox to Box Standard Plan - Standard Include","Dropbox to Box Standard Plan - Standard Include.docx","","","standard","included","missing_planType|missing_includeType","[""dropbox-to-box"",""all""]"
"6944d5979e58b1d93f4c9bab","dropbox-to-box","content","Dropbox to Box Standard Plan - Standard Not Include","Dropbox to Box Standard Plan - Standard Not Include.docx","","","standard","notincluded","missing_planType|missing_includeType","[""dropbox-to-box"",""all""]"
"6944d8c82d1b6fa686f16231","dropbox-to-egnyte","content","Dropbox to Egnyte Standard Plan - Standard Include","Dropbox to Egnyte Standard Plan - Standard Include.docx","","","standard","included","missing_planType|missing_includeType","[""dropbox-to-egnyte"",""all""]"
"6944d8c82d1b6fa686f16232","dropbox-to-egnyte","content","Dropbox to Egnyte Standard Plan - Standard Not Include","Dropbox to Egnyte Standard Plan - Standard Not Include.docx","","","standard","notincluded","missing_planType|missing_includeType","[""dropbox-to-egnyte"",""all""]"
"6944dd1eb323b3ba931922e9","dropbox-to-egnyte","content","Dropbox to Egnyte Advanced Plan - Advanced Include","Dropbox to Egnyte Advanced Plan - Advanced Include.docx","","","advanced","included","missing_planType|missing_includeType","[""dropbox-to-egnyte"",""all""]"
"6944dd1eb323b3ba931922ea","dropbox-to-egnyte","content","Dropbox to Egnyte Advanced Plan - Advanced Not Include","Dropbox to Egnyte Advanced Plan - Advanced Not Include.docx","","","advanced","notincluded","missing_planType|missing_includeType","[""dropbox-to-egnyte"",""all""]"
"6944e0ff93e170a2e67af87a","dropbox-to-mydrive","content","Dropbox to MyDrive Advanced Plan - Advanced Include","Dropbox to MyDrive Advanced Plan - Advanced Include.docx","","","advanced","included","missing_planType|missing_includeType","[""dropbox-to-mydrive"",""all""]"
"6944e0ff93e170a2e67af87b","dropbox-to-mydrive","content","Dropbox to MyDrive Advanced Plan - Advanced Not Include","Dropbox to MyDrive Advanced Plan - Advanced Not Include.docx","","","advanced","notincluded","missing_planType|missing_includeType","[""dropbox-to-mydrive"",""all""]"
"6944e81de22c1481c5e2a018","dropbox-to-mydrive","content","Dropbox to MyDrive Standard Plan - Standard Include","Dropbox to MyDrive Standard Plan - Standard Include.docx","","","standard","included","missing_planType|missing_includeType","[""dropbox-to-mydrive"",""all""]"
"6944e81ee22c1481c5e2a019","dropbox-to-mydrive","content","Dropbox to MyDrive Standard Plan - Standard Not Include","Dropbox to MyDrive Standard Plan - Standard Not Include.docx","","","standard","notincluded","missing_planType|missing_includeType","[""dropbox-to-mydrive"",""all""]"
"6944ed70a65a4961f72fc94a","dropbox-to-google","content","Dropbox to Google Shared Drive Standard Plan - Standard Include","Dropbox to Google Shared Drive Standard Plan - Standard Include.docx","","","standard","included","missing_planType|missing_includeType","[""dropbox-to-google"",""dropbox-to-google-sharedrive"",""all""]"
"6944ed70a65a4961f72fc94b","dropbox-to-google","content","Dropbox to Google Shared Drive Standard Plan - Standard Not Include","Dropbox to Google Shared Drive Standard Plan - Standard Not Include.docx","","","standard","notincluded","missing_planType|missing_includeType","[""dropbox-to-google"",""dropbox-to-google-sharedrive"",""all""]"
"69494474094bca211f852aa4","box-to-box","content","Box to Box Advanced Plan - Advanced Include","Box to Box Advanced Plan - Advanced Include.docx","","","advanced","included","missing_planType|missing_includeType","[""box-to-box"",""all""]"
"69494474094bca211f852aa5","box-to-box","content","Box to Box Advanced Plan - Advanced Not Include","Box to Box Advanced Plan - Advanced Not Include.docx","","","advanced","notincluded","missing_planType|missing_includeType","[""box-to-box"",""all""]"
"69494606f3df56afd433023a","box-to-dropbox","content","Box to Dropbox Standard Plan - Standard Include","Box to Dropbox Standard Plan - Standard Include.docx","","","standard","included","missing_planType|missing_includeType","[""box-to-dropbox"",""all""]"
"69494606f3df56afd433023b","box-to-dropbox","content","Box to Dropbox Standard Plan - Standard Not Include","Box to Dropbox Standard Plan - Standard Not Include.docx","","","standard","notincluded","missing_planType|missing_includeType","[""box-to-dropbox"",""all""]"
"694947fccb471b7053ae5a74","box-to-dropbox","content","Box to Dropbox Advanced Plan - Advanced Include","Box to Dropbox Advanced Plan - Advanced Include.docx","","","advanced","included","missing_planType|missing_includeType","[""box-to-dropbox"",""all""]"
"69494e0d913dc8282303f838","box-to-dropbox","content","Box to Dropbox Advanced Plan - Advanced Not Include","Box to Dropbox Advanced Plan - Advanced Not Include.docx","","","advanced","notincluded","missing_planType|missing_includeType","[""box-to-dropbox"",""all""]"
"694952895489cded3c028aa0","box-to-sharefile","content","Box to ShareFile Advanced Plan - Advanced Include","Box to ShareFile Advanced Plan - Advanced Include.docx","","","advanced","included","missing_planType|missing_includeType","[""box-to-sharefile"",""all""]"
"694952895489cded3c028aa1","box-to-sharefile","content","Box to ShareFile Advanced Plan - Advanced Not Include","Box to ShareFile Advanced Plan - Advanced Not Include.docx","","","advanced","notincluded","missing_planType|missing_includeType","[""box-to-sharefile"",""all""]"
"694955efda541709a704e7a1","box-to-sharefile","content","Box to ShareFile Standard Plan - Standard Include","Box to ShareFile Standard Plan - Standard Include.docx","","","standard","included","missing_planType|missing_includeType","[""box-to-sharefile"",""all""]"
"694955efda541709a704e7a2","box-to-sharefile","content","Box to ShareFile Standard Plan - Standard Not Include","Box to ShareFile Standard Plan - Standard Not Include.docx","","","standard","notincluded","missing_planType|missing_includeType","[""box-to-sharefile"",""all""]"
"69495b88b21c440653eeca54","box-to-google-mydrive","content","Box to Google MyDrive Standard Plan - Standard Include","Box to Google MyDrive Standard Plan - Standard Include.docx","","","standard","included","missing_planType|missing_includeType","[""box-to-google-mydrive"",""all""]"
"69495b88b21c440653eeca55","box-to-google-mydrive","content","Box to Google MyDrive Standard Plan - Standard Not Include","Box to Google MyDrive Standard Plan - Standard Not Include.docx","","","standard","notincluded","missing_planType|missing_includeType","[""box-to-google-mydrive"",""all""]"
"69495db5bed1e3bc412b0581","dropbox-to-onedrive","content","Dropbox to OneDrive Standard Plan - Standard Include","Dropbox to OneDrive Standard Plan - Standard Include.docx","","","standard","included","missing_planType|missing_includeType","[""dropbox-to-onedrive"",""all""]"
"69495db5bed1e3bc412b0582","dropbox-to-onedrive","content","Dropbox to OneDrive Standard Plan - Standard Not Include","Dropbox to OneDrive Standard Plan - Standard Not Include.docx","","","standard","notincluded","missing_planType|missing_includeType","[""dropbox-to-onedrive"",""all""]"
"69495db5bed1e3bc412b0583","dropbox-to-onedrive","content","Dropbox to OneDrive Advanced Plan - Advanced Include","Dropbox to OneDrive Advanced Plan - Advanced Include.docx","","","advanced","included","missing_planType|missing_includeType","[""dropbox-to-onedrive"",""all""]"
"69495db5bed1e3bc412b0584","dropbox-to-onedrive","content","Dropbox to OneDrive Advanced Plan - Advanced Not Include","Dropbox to OneDrive Advanced Plan - Advanced Not Include.docx","","","advanced","notincluded","missing_planType|missing_includeType","[""dropbox-to-onedrive"",""all""]"
"694f937c4018436bbc0e4e92","box-to-google-mydrive","content","Box to Google MyDrive Advanced Plan - Advanced Include","Box to Google MyDrive Advanced Plan - Advanced Include.docx","","","advanced","included","missing_planType|missing_includeType","[""box-to-google-mydrive"",""all""]"
"6953a56ab3e393af920b69da","slack-to-slack","messaging","Slack to Slack - Included Features","Slack to Slack - Included.docx.docx","","","","included","missing_includeType","[""slack-to-slack"",""all""]"
"6953a56ab3e393af920b69db","slack-to-slack","messaging","Slack to Slack - Not Included Features","Slack to Slack - Not Included.docx.docx","","","","notincluded","missing_includeType","[""slack-to-slack"",""all""]"
"6953bb33f8cdb6db861f7da4","dropbox-to-sharepoint","content","Dropbox to SharePoint Online Standard Plan - Standard Include","Dropbox to SharePoint Online Standard Plan - Standard Include.docx","","","standard","included","missing_planType|missing_includeType","[""dropbox-to-sharepoint"",""all""]"
"6953bb33f8cdb6db861f7da5","dropbox-to-sharepoint","content","Dropbox to SharePoint Online Standard Plan - Standard Not Include","Dropbox to SharePoint Online Standard Plan - Standard Not Include.docx","","","standard","notincluded","missing_planType|missing_includeType","[""dropbox-to-sharepoint"",""all""]"
"6953c1ef0ca9a4d254e08ac3","dropbox-to-sharepoint","content","Dropbox to SharePoint Online Advanced Plan - Advanced Include","Dropbox to SharePoint Online Advanced Plan - Advanced Include.docx","","","advanced","included","missing_planType|missing_includeType","[""dropbox-to-sharepoint"",""all""]"
"6953c1ef0ca9a4d254e08ac4","dropbox-to-sharepoint","content","Dropbox to SharePoint Online Advanced Plan - Advanced Not Include","Dropbox to SharePoint Online Advanced Plan - Advanced Not Include.docx","","","advanced","notincluded","missing_planType|missing_includeType","[""dropbox-to-sharepoint"",""all""]"
"6953e3e9df6cabde114db8b3","box-to-google-sharedrive","content","Box to Google Shared Drive Standard Plan - Standard Include","Box to Google Shared Drive Standard Plan - Standard Include.docx","","","standard","included","missing_planType|missing_includeType","[""box-to-google-sharedrive"",""all""]"
"6953e3eadf6cabde114db8b4","box-to-google-sharedrive","content","Box to Google Shared Drive Standard Plan - Standard Not Include","Box to Google Shared Drive Standard Plan - Standard Not Include.docx","","","standard","notincluded","missing_planType|missing_includeType","[""box-to-google-sharedrive"",""all""]"
"6953e3eadf6cabde114db8b5","box-to-onedrive","content","Box to OneDrive Advanced Plan - Advanced Include","Box to OneDrive Advanced Plan - Advanced Include.docx","","","advanced","included","missing_planType|missing_includeType","[""box-to-onedrive"",""all""]"
"6953e3eadf6cabde114db8b6","box-to-onedrive","content","Box to OneDrive Standard Plan - Standard Include","Box to OneDrive Standard Plan - Standard Include.docx","","","standard","included","missing_planType|missing_includeType","[""box-to-onedrive"",""all""]"
"6953e3eadf6cabde114db8b7","box-to-onedrive","content","Box to OneDrive Standard Plan - Standard Not Include","Box to OneDrive Standard Plan - Standard Not Include.docx","","","standard","notincluded","missing_planType|missing_includeType","[""box-to-onedrive"",""all""]"
"6953e75af4446a001225e591","box-to-sharepoint","content","Box to SharePoint Online Advanced Plan - Advanced Include","Box to SharePoint Online Advanced Plan - Advanced Include.docx","","","advanced","included","missing_planType|missing_includeType","[""box-to-sharepoint"",""all""]"
"6953e75af4446a001225e592","box-to-sharepoint","content","Box to SharePoint Online Standard Plan - Standard Include","Box to SharePoint Online Standard Plan - Standard Include.docx","","","standard","included","missing_planType|missing_includeType","[""box-to-sharepoint"",""all""]"
"6953e75af4446a001225e593","box-to-sharepoint","content","Box to SharePoint Online Standard Plan - Standard Not Include","Box to SharePoint Online Standard Plan - Standard Not Include.docx","","","standard","notincluded","missing_planType|missing_includeType","[""box-to-sharepoint"",""all""]"
"6953e96445fdb12e1e8f0c3e","egnyte-to-onedrive","content","Egnyte to OneDrive Standard Plan - Standard Include","Egnyte to OneDrive Standard Plan - Standard Include.docx","","","standard","included","missing_planType|missing_includeType","[""egnyte-to-onedrive"",""all""]"
"6953e96445fdb12e1e8f0c3f","egnyte-to-onedrive","content","Egnyte to OneDrive Standard Plan - Standard Not Include","Egnyte to OneDrive Standard Plan - Standard Not Include.docx","","","standard","notincluded","missing_planType|missing_includeType","[""egnyte-to-onedrive"",""all""]"
"6953ea9f041938ef5d1e29a9","egnyte-to-google-sharedrive","content","Egnyte to Google Shared Drive Standard Plan - Standard Include","Egnyte to Google Shared Drive Standard Plan - Standard Include.docx","","","standard","included","missing_planType|missing_includeType","[""egnyte-to-google-sharedrive"",""all""]"
"6953ea9f041938ef5d1e29aa","egnyte-to-google-sharedrive","content","Egnyte to Google Shared Drive Standard Plan - Standard Not Include","Egnyte to Google Shared Drive Standard Plan - Standard Not Include.docx","","","standard","notincluded","missing_planType|missing_includeType","[""egnyte-to-google-sharedrive"",""all""]"
"6953ebbdec22d46e0b0fb483","egnyte-to-google","content","Egnyte to Google MyDrive Standard Plan - Standard Include","Egnyte to Google MyDrive Standard Plan - Standard Include.docx","","","standard","included","missing_planType|missing_includeType","[""egnyte-to-google"",""all""]"
"6953ebbdec22d46e0b0fb484","egnyte-to-google","content","Egnyte to Google MyDrive Standard Plan - Standard Not Include","Egnyte to Google MyDrive Standard Plan - Standard Not Include.docx","","","standard","notincluded","missing_planType|missing_includeType","[""egnyte-to-google"",""all""]"
"6953ed7c568ee546e6cc41e2","egnyte-to-sharepoint-online","content","Egnyte to SharePoint Online Advanced Plan - Advanced Include","Egnyte to SharePoint Online Advanced Plan - Advanced Include.docx","","","advanced","included","missing_planType|missing_includeType","[""egnyte-to-sharepoint-online"",""all""]"
"695e5afaf6e5474b2c7a1221","egnyte-to-google-sharedrive","content","Egnyte to Google Shared Drive Advanced Plan - Advanced Include","Egnyte to Google Shared Drive Advanced Plan - Advanced Include.docx","","","advanced","included","missing_planType|missing_includeType","[""egnyte-to-google-sharedrive"",""all""]"
"695e5afaf6e5474b2c7a1222","egnyte-to-google-sharedrive","content","Egnyte to Google Shared Drive Advanced Plan - Advanced Not Include","Egnyte to Google Shared Drive Advanced Plan - Advanced Not Include.docx","","","advanced","notincluded","missing_planType|missing_includeType","[""egnyte-to-google-sharedrive"",""all""]"
"695e5ecd7321cbc525f47e6b","egnyte-to-google","content","Egnyte to Google MyDrive Advanced Plan - Advanced Include","Egnyte to Google MyDrive Advanced Plan - Advanced Include.docx","","","advanced","included","missing_planType|missing_includeType","[""egnyte-to-google"",""all""]"
"695e5ecd7321cbc525f47e6c","egnyte-to-google","content","Egnyte to Google MyDrive Advanced Plan - Advanced Not Include","Egnyte to Google MyDrive Advanced Plan - Advanced Not Include.docx","","","advanced","notincluded","missing_planType|missing_includeType","[""egnyte-to-google"",""all""]"
"695e60ff19abab4234dc96dd","sharefile-to-sharepoint","content","ShareFile to SharePoint Online Advanced Plan - Advanced Include","ShareFile to SharePoint Online Advanced Plan - Advanced Include.docx","","","advanced","included","missing_planType|missing_includeType","[""sharefile-to-sharepoint"",""all""]"
"695e60ff19abab4234dc96de","sharefile-to-sharepoint","content","ShareFile to SharePoint Online Advanced Plan - Advanced Not Include","ShareFile to SharePoint Online Advanced Plan - Advanced Not Include.docx","","","advanced","notincluded","missing_planType|missing_includeType","[""sharefile-to-sharepoint"",""all""]"
"695e627fd989101704f5c34b","sharefile-to-sharefile","content","ShareFile to ShareFile Advanced Plan - Advanced Include","ShareFile to ShareFile Advanced Plan - Advanced Include.docx","","","advanced","included","missing_planType|missing_includeType","[""sharefile-to-sharefile"",""all""]"
"695e627fd989101704f5c34c","sharefile-to-sharefile","content","ShareFile to ShareFile Advanced Plan - Advanced Not Include","ShareFile to ShareFile Advanced Plan - Advanced Not Include.docx","","","advanced","notincluded","missing_planType|missing_includeType","[""sharefile-to-sharefile"",""all""]"
"695e6401bdd5ea56437abae6","sharefile-to-onedrive","content","ShareFile to OneDrive Advanced Plan - Advanced Include","ShareFile to OneDrive Advanced Plan - Advanced Include.docx","","","advanced","included","missing_planType|missing_includeType","[""sharefile-to-onedrive"",""all""]"
"695e6401bdd5ea56437abae7","sharefile-to-onedrive","content","ShareFile to OneDrive Advanced Plan - Advanced Not Include","ShareFile to OneDrive Advanced Plan - Advanced Not Include.docx","","","advanced","notincluded","missing_planType|missing_includeType","[""sharefile-to-onedrive"",""all""]"
"695e661ea4cccb2f54de6606","sharefile-to-google-mydrive","content","ShareFile to Google MyDrive Advanced Plan - Advanced Included","ShareFile to Google MyDrive Advanced Plan - Advanced Included.docx","","","advanced","included","missing_planType|missing_includeType","[""sharefile-to-google-mydrive"",""all""]"
"695e661ea4cccb2f54de6607","sharefile-to-google-mydrive","content","ShareFile to Google MyDrive Advanced Plan - Advanced Not Included","ShareFile to Google MyDrive Advanced Plan - Advanced Not Included.docx","","","advanced","notincluded","missing_planType|missing_includeType","[""sharefile-to-google-mydrive"",""all""]"
"695f65268d84acb0d1e61a37","onedrive-to-google-mydrive","content","OneDrive to Google MyDrive Standard Plan - Standard Include","OneDrive to Google MyDrive Standard Plan - Standard Include.docx","","","standard","included","missing_planType|missing_includeType","[""onedrive-to-google-mydrive"",""all""]"
"695f65268d84acb0d1e61a38","onedrive-to-google-mydrive","content","OneDrive to Google MyDrive Standard Plan - Standard Not Include","OneDrive to Google MyDrive Standard Plan - Standard Not Include.docx","","","standard","notincluded","missing_planType|missing_includeType","[""onedrive-to-google-mydrive"",""all""]"
"695f6a26a70348a8d5e956a8","onedrive-to-onedrive","content","OneDrive to OneDrive Standard Plan - Not Included Features","onedrive-to-onedrive-standard-plan-notincluded.docx","","","standard","notincluded","missing_planType|missing_includeType","[""onedrive-to-onedrive"",""all""]"
"695f6a26a70348a8d5e956a9","onedrive-to-onedrive","content","OneDrive to OneDrive Advanced Plan - Advanced Include","OneDrive to OneDrive Advanced Plan - Advanced Include.docx","","","advanced","included","missing_planType|missing_includeType","[""onedrive-to-onedrive"",""all""]"
"695f6a26a70348a8d5e956aa","onedrive-to-onedrive","content","OneDrive to OneDrive Advanced Plan - Advanced Not Include","OneDrive to OneDrive Advanced Plan - Advanced Not Include.docx","","","advanced","notincluded","missing_planType|missing_includeType","[""onedrive-to-onedrive"",""all""]"
"695f6caedb1e3b250edc8a74","onedrive-to-google-mydrive","content","OneDrive to Google MyDrive Advanced Plan - Advanced Include","OneDrive to Google MyDrive Advanced Plan - Advanced Include.docx","","","advanced","included","missing_planType|missing_includeType","[""onedrive-to-google-mydrive"",""all""]"
"695f6caedb1e3b250edc8a75","onedrive-to-google-mydrive","content","OneDrive to Google MyDrive Advanced Plan - Advanced Not Include","OneDrive to Google MyDrive Advanced Plan - Advanced Not Include.docx","","","advanced","notincluded","missing_planType|missing_includeType","[""onedrive-to-google-mydrive"",""all""]"
"695f6ec09ebab1306b101f7f","nfs-to-microsoft","content","NFS to SharePoint Online Standard Plan - Standard Include","NFS to SharePoint Online Standard Plan - Standard Include.docx","","","standard","included","missing_planType|missing_includeType","[""nfs-to-microsoft"",""all""]"
"695f6ec09ebab1306b101f80","nfs-to-microsoft","content","NFS to SharePoint Online Standard Plan - Standard Not Include","NFS to SharePoint Online Standard Plan - Standard Not Include.docx","","","standard","notincluded","missing_planType|missing_includeType","[""nfs-to-microsoft"",""all""]"
"695f7141036b9e315ad4387c","nfs-to-microsoft","content","NFS to SharePoint Online Advanced Plan - Advanced Include","NFS to SharePoint Online Advanced Plan - Advanced Include.docx","","","advanced","included","missing_planType|missing_includeType","[""nfs-to-microsoft"",""all""]"
"695f7141036b9e315ad4387d","nfs-to-microsoft","content","NFS to SharePoint Online Advanced Plan - Advanced Not Include","NFS to SharePoint Online Advanced Plan - Advanced Not Include.docx","","","advanced","notincluded","missing_planType|missing_includeType","[""nfs-to-microsoft"",""all""]"
"695f7a1be1fead4fd516f226","nfs-to-microsoft","content","NFS to OneDrive Standard Plan - Standard Include","NFS to OneDrive Standard Plan - Standard Include.docx","","","standard","included","missing_planType|missing_includeType","[""nfs-to-microsoft"",""all""]"
"695f7a1be1fead4fd516f227","nfs-to-microsoft","content","NFS to OneDrive Standard Plan - Standard Not Include","NFS to OneDrive Standard Plan - Standard Not Include.docx","","","standard","notincluded","missing_planType|missing_includeType","[""nfs-to-microsoft"",""all""]"
"6960819a8bb27fcc9a384bf9","slack-to-google-chat","messaging","Slack to Google Chat Advanced Plan - Advanced Include","Slack to Google Chat Advanced Plan - Advanced Include.docx","","included","advanced","included","missing_planType","[""slack-to-google-chat"",""all""]"
"6960819a8bb27fcc9a384bfa","slack-to-google-chat","messaging","Slack to Google Chat Advanced Plan - Advanced Not Include","Slack to Google Chat Advanced Plan - Advanced Not Include.docx","","notincluded","advanced","notincluded","missing_planType","[""slack-to-google-chat"",""all""]"
"6960855cf30deb251a707d1d","nfs-to-google","content","NFS to Google Shared Drive Advanced Plan - Advanced Include","NFS to Google Shared Drive Advanced Plan - Advanced Include.docx","","","advanced","included","missing_planType|missing_includeType","[""nfs-to-google"",""all""]"
"6960855cf30deb251a707d1e","nfs-to-google","content","NFS to Google Shared Drive Advanced Plan - Advanced Not Include","NFS to Google Shared Drive Advanced Plan - Advanced Not Include.docx","","","advanced","notincluded","missing_planType|missing_includeType","[""nfs-to-google"",""all""]"
"696099bc46a4280f356f934f","nfs-to-google","content","NFS to Google Shared Drive Standard Plan - Standard Include","NFS to Google Shared Drive Standard Plan - Standard Include.docx","","","standard","included","missing_planType|missing_includeType","[""nfs-to-google"",""all""]"
"696099bc46a4280f356f9350","nfs-to-google","content","NFS to Google Shared Drive Standard Plan - Standard Not Include","NFS to Google Shared Drive Standard Plan - Standard Not Include.docx","","","standard","notincluded","missing_planType|missing_includeType","[""nfs-to-google"",""all""]"
"69609b347990d8f5a5ebe9b9","nfs-to-google","content","NFS to Google MyDrive Standard Plan - Standard Include","NFS to Google MyDrive Standard Plan - Standard Include.docx","","","standard","included","missing_planType|missing_includeType","[""nfs-to-google"",""all""]"
"69609b347990d8f5a5ebe9ba","nfs-to-google","content","NFS to Google MyDrive Standard Plan - Standard Not Include","NFS to Google MyDrive Standard Plan - Standard Not Include.docx","","","standard","notincluded","missing_planType|missing_includeType","[""nfs-to-google"",""all""]"
"69609ce647c07139a4ebe4f7","nfs-to-google","content","NFS to Google MyDrive Advanced Plan - Advanced Include","NFS to Google MyDrive Advanced Plan - Advanced Include.docx","","","advanced","included","missing_planType|missing_includeType","[""nfs-to-google"",""all""]"
"69609ce647c07139a4ebe4f8","nfs-to-google","content","NFS to Google MyDrive Advanced Plan - Advanced Not Include","NFS to Google MyDrive Advanced Plan - Advanced Not Include.docx","","","advanced","notincluded","missing_planType|missing_includeType","[""nfs-to-google"",""all""]"
"69609f072e021e883a77d772","all","content","SharePoint to SharePoint Online Advanced Plan - Advanced Include","SharePoint to SharePoint Online Advanced Plan - Advanced Include.docx","","","advanced","included","missing_planType|missing_includeType","[""all""]"
"69609f072e021e883a77d773","all","content","SharePoint to SharePoint Online Advanced Plan - Advanced Not Include","SharePoint to SharePoint Online Advanced Plan - Advanced Not Include.docx","","","advanced","notincluded","missing_planType|missing_includeType","[""all""]"
"6960a03303f2be2e2efb5876","google-mydrive-to-sharepoint","content","Google MyDrive to SharePoint Online Standard Plan - Standard Include","Google MyDrive to SharePoint Online Standard Plan - Standard Include.docx","","","standard","included","missing_planType|missing_includeType","[""google-mydrive-to-sharepoint"",""all""]"
"6960a03303f2be2e2efb5877","google-mydrive-to-sharepoint","content","Google MyDrive to SharePoint Online Standard Plan - Standard Not Include","Google MyDrive to SharePoint Online Standard Plan - Standard Not Include.docx","","","standard","notincluded","missing_planType|missing_includeType","[""google-mydrive-to-sharepoint"",""all""]"
"6960a23c07a2cd8303200de9","google-mydrive-to-onedrive","content","Google MyDrive to OneDrive Standard Plan - Standard Include","Google MyDrive to OneDrive Standard Plan - Standard Include.docx","","","standard","included","missing_planType|missing_includeType","[""google-mydrive-to-onedrive"",""all""]"
"6960a23c07a2cd8303200dea","google-mydrive-to-onedrive","content","Google MyDrive to OneDrive Standard Plan - Standard Not Include","Google MyDrive to OneDrive Standard Plan - Standard Not Include.docx","","","standard","notincluded","missing_planType|missing_includeType","[""google-mydrive-to-onedrive"",""all""]"
"6960a78babe789ae5811ef80","google-mydrive-to-google-sharedrive","content","Google MyDrive to Google Shared Drive Standard Plan - Standard Include","Google MyDrive to Google Shared Drive Standard Plan - Standard Include.docx","","","standard","included","missing_planType|missing_includeType","[""google-mydrive-to-google-sharedrive"",""all""]"
"6960a78babe789ae5811ef81","google-mydrive-to-google-sharedrive","content","Google MyDrive to Google Shared Drive Standard Plan - Standard Not Include","Google MyDrive to Google Shared Drive Standard Plan - Standard Not Include.docx","","","standard","notincluded","missing_planType|missing_includeType","[""google-mydrive-to-google-sharedrive"",""all""]"
"6960b04b5e2ee52c3b80ec88","google-mydrive-to-google-mydrive","content","Google MyDrive to Google MyDrive Standard Plan - Standard Include","Google MyDrive to Google MyDrive Standard Plan - Standard Include.docx","","","standard","included","missing_planType|missing_includeType","[""google-mydrive-to-google-mydrive"",""all""]"
"6960b04b5e2ee52c3b80ec89","google-mydrive-to-google-mydrive","content","Google MyDrive to Google MyDrive Standard Plan - Standard Not Include","Google MyDrive to Google MyDrive Standard Plan - Standard Not Include.docx","","","standard","notincluded","missing_planType|missing_includeType","[""google-mydrive-to-google-mydrive"",""all""]"
"6960b21540221a220ce19c2f","google-mydrive-to-egnyte","content","Google MyDrive to Egnyte Standard Plan - Standard Include","Google MyDrive to Egnyte Standard Plan - Standard Include.docx","","","standard","included","missing_planType|missing_includeType","[""google-mydrive-to-egnyte"",""all""]"
"6960b21540221a220ce19c30","google-mydrive-to-egnyte","content","Google MyDrive to Egnyte Standard Plan - Standard Not Include","Google MyDrive to Egnyte Standard Plan - Standard Not Include.docx","","","standard","notincluded","missing_planType|missing_includeType","[""google-mydrive-to-egnyte"",""all""]"
"6960b344ffcb6b9f0c93e6d4","google-mydrive-to-dropbox","content","Google MyDrive to Dropbox Standard Plan - Standard Include","Google MyDrive to Dropbox Standard Plan - Standard Include.docx","","","standard","included","missing_planType|missing_includeType","[""google-mydrive-to-dropbox"",""all""]"
"6960b344ffcb6b9f0c93e6d5","google-mydrive-to-dropbox","content","Google MyDrive to Dropbox Standard Plan - Standard Not Include","Google MyDrive to Dropbox Standard Plan - Standard Not Include.docx","","","standard","notincluded","missing_planType|missing_includeType","[""google-mydrive-to-dropbox"",""all""]"
"6960b4a433c5a7f666d6c89c","all","content","Google MyDrive to Box Standard Plan - Standard Include","Google MyDrive to Box Standard Plan - Standard Include.docx","","","standard","included","missing_planType|missing_includeType","[""all""]"
"6960b4a433c5a7f666d6c89d","all","content","Google MyDrive to Box Standard Plan - Standard Not Include","Google MyDrive to Box Standard Plan - Standard Not Include.docx","","","standard","notincluded","missing_planType|missing_includeType","[""all""]"
"6960b77d53b13c182d949de4","google-mydrive-to-google-mydrive","content","Google MyDrive to Google MyDrive Advanced Plan - Advanced Include","Google MyDrive to Google MyDrive Advanced Plan - Advanced Include.docx","","","advanced","included","missing_planType|missing_includeType","[""google-mydrive-to-google-mydrive"",""all""]"
"6960b77d53b13c182d949de5","google-mydrive-to-google-mydrive","content","Google MyDrive to Google MyDrive Advanced Plan - Advanced Not Include","Google MyDrive to Google MyDrive Advanced Plan - Advanced Not Include.docx","","","advanced","notincluded","missing_planType|missing_includeType","[""google-mydrive-to-google-mydrive"",""all""]"
"6960b909017c0edc9d1fe338","google-mydrive-to-onedrive","content","Google MyDrive to OneDrive Advanced Plan - Advanced Include","Google MyDrive to OneDrive Advanced Plan - Advanced Include.docx","","","advanced","included","missing_planType|missing_includeType","[""google-mydrive-to-onedrive"",""all""]"
"6960b909017c0edc9d1fe339","google-mydrive-to-onedrive","content","Google MyDrive to OneDrive Advanced Plan - Advanced Not Include","Google MyDrive to OneDrive Advanced Plan - Advanced Not Include.docx","","","advanced","notincluded","missing_planType|missing_includeType","[""google-mydrive-to-onedrive"",""all""]"
"6960ba75c96ec65811ffbe50","google-mydrive-to-google-sharedrive","content","Google MyDrive to Google Shared Drive Advanced Plan - Advanced Include","Google MyDrive to Google Shared Drive Advanced Plan - Advanced Include.docx","","","advanced","included","missing_planType|missing_includeType","[""google-mydrive-to-google-sharedrive"",""all""]"
"6960ba75c96ec65811ffbe51","google-mydrive-to-google-sharedrive","content","Google MyDrive to Google Shared Drive Advanced Plan - Advanced Not Include","Google MyDrive to Google Shared Drive Advanced Plan - Advanced Not Include.docx","","","advanced","notincluded","missing_planType|missing_includeType","[""google-mydrive-to-google-sharedrive"",""all""]"
"6960bc110a41c034b416fca1","google-mydrive-to-egnyte","content","Google MyDrive to Egnyte Advanced Plan - Advanced Include","Google MyDrive to Egnyte Advanced Plan - Advanced Include.docx","","","advanced","included","missing_planType|missing_includeType","[""google-mydrive-to-egnyte"",""all""]"
"6960bc110a41c034b416fca2","google-mydrive-to-egnyte","content","Google MyDrive to Egnyte Advanced Plan - Advanced Not Include","Google MyDrive to Egnyte Advanced Plan - Advanced Not Include.docx","","","advanced","notincluded","missing_planType|missing_includeType","[""google-mydrive-to-egnyte"",""all""]"
"6960bd3bf6e267b8c3a6d9df","google-mydrive-to-dropbox","content","Google MyDrive to Dropbox Advanced Plan - Advanced Include","Google MyDrive to Dropbox Advanced Plan - Advanced Include.docx","","","advanced","included","missing_planType|missing_includeType","[""google-mydrive-to-dropbox"",""all""]"
"6960bd3bf6e267b8c3a6d9e0","google-mydrive-to-dropbox","content","Google MyDrive to Dropbox Advanced Plan - Advanced Not Include","Google MyDrive to Dropbox Advanced Plan - Advanced Not Include.docx","","","advanced","notincluded","missing_planType|missing_includeType","[""google-mydrive-to-dropbox"",""all""]"
"6960be510a2b315165727c5b","all","content","Google MyDrive to Box Advanced Plan - Advanced Include","Google MyDrive to Box Advanced Plan - Advanced Include.docx","","","advanced","included","missing_planType|missing_includeType","[""all""]"
"6960be510a2b315165727c5c","all","content","Google MyDrive to Box Advanced Plan - Advanced Not Include","Google MyDrive to Box Advanced Plan - Advanced Not Include.docx","","","advanced","notincluded","missing_planType|missing_includeType","[""all""]"
"6960cbd5909248c0b552d5e3","egnyte-to-sharepoint-online","content","Egnyte to SharePoint Online Standard Plan - Standard Include","Egnyte to SharePoint Online Standard Plan - Standard Include.docx","","","standard","included","missing_planType|missing_includeType","[""egnyte-to-sharepoint-online"",""all""]"
"6960cbd5909248c0b552d5e4","egnyte-to-sharepoint-online","content","Egnyte to SharePoint Online Standard Plan - Standard Not Include","Egnyte to SharePoint Online Standard Plan - Standard Not Include.docx","","","standard","notincluded","missing_planType|missing_includeType","[""egnyte-to-sharepoint-online"",""all""]"
"6960cd58301b0ad4710f8b0d","egnyte-to-sharepoint-online","content","Egnyte to SharePoint Online Advanced Plan - Advanced Not Include","Egnyte to SharePoint Online Advanced Plan - Advanced Not Include.docx","","","advanced","notincluded","missing_planType|missing_includeType","[""egnyte-to-sharepoint-online"",""all""]"
"6960f5f4192eca62e3ac5d5a","box-to-box","content","Box to Box Standard Plan - Standard Include","Box to Box Standard Plan - Standard Include.docx","","","standard","included","missing_planType|missing_includeType","[""box-to-box"",""all""]"
"6960f5f4192eca62e3ac5d5b","box-to-box","content","Box to Box Standard Plan - Standard Not Include","Box to Box Standard Plan - Standard Not Include.docx","","","standard","notincluded","missing_planType|missing_includeType","[""box-to-box"",""all""]"
"6960f8383c0a8b035c047a0a","google-mydrive-to-sharepoint","content","Google MyDrive to SharePoint Online Advanced Plan - Advanced Include","Google MyDrive to SharePoint Online Advanced Plan - Advanced Include.docx","","","advanced","included","missing_planType|missing_includeType","[""google-mydrive-to-sharepoint"",""all""]"
"6960f8383c0a8b035c047a0b","google-mydrive-to-sharepoint","content","Google MyDrive to SharePoint Online Advanced Plan - Advanced Not Include","Google MyDrive to SharePoint Online Advanced Plan - Advanced Not Include.docx","","","advanced","notincluded","missing_planType|missing_includeType","[""google-mydrive-to-sharepoint"",""all""]"
"6960fa898c5f6d11a5a61b7b","nfs-to-microsoft","content","NFS to OneDrive Advanced Plan - Advanced Include","NFS to OneDrive Advanced Plan - Advanced Include.docx","","","advanced","included","missing_planType|missing_includeType","[""nfs-to-microsoft"",""all""]"
"6960fa898c5f6d11a5a61b7c","nfs-to-microsoft","content","NFS to OneDrive Advanced Plan - Advanced Not Include","NFS to OneDrive Advanced Plan - Advanced Not Include.docx","","","advanced","notincluded","missing_planType|missing_includeType","[""nfs-to-microsoft"",""all""]"
"69610205ece769212d33ccda","sharefile-to-sharefile","content","ShareFile to ShareFile Standard Plan - Standard Include","ShareFile to ShareFile Standard Plan - Standard Include.docx","","","standard","included","missing_planType|missing_includeType","[""sharefile-to-sharefile"",""all""]"
"69610205ece769212d33ccdb","sharefile-to-sharefile","content","ShareFile to ShareFile Standard Plan - Standard Not Include","ShareFile to ShareFile Standard Plan - Standard Not Include.docx","","","standard","notincluded","missing_planType|missing_includeType","[""sharefile-to-sharefile"",""all""]"
"696104094dc5d091bc6ed72e","sharefile-to-onedrive","content","ShareFile to OneDrive Standard Plan - Standard Include","ShareFile to OneDrive Standard Plan - Standard Include.docx","","","standard","included","missing_planType|missing_includeType","[""sharefile-to-onedrive"",""all""]"
"696104094dc5d091bc6ed72f","sharefile-to-onedrive","content","ShareFile to OneDrive Standard Plan - Standard Not Include","ShareFile to OneDrive Standard Plan - Standard Not Include.docx","","","standard","notincluded","missing_planType|missing_includeType","[""sharefile-to-onedrive"",""all""]"
"696106ab4ef6e2a09b405393","sharefile-to-google-mydrive","content","ShareFile to Google MyDrive Standard Plan - Standard Include","ShareFile to Google MyDrive Standard Plan - Standard Include.docx","","","standard","included","missing_planType|missing_includeType","[""sharefile-to-google-mydrive"",""all""]"
"696106ab4ef6e2a09b405394","sharefile-to-google-mydrive","content","ShareFile to Google MyDrive Standard Plan - Standard Not Include","ShareFile to Google MyDrive Standard Plan - Standard Not Include.docx","","","standard","notincluded","missing_planType|missing_includeType","[""sharefile-to-google-mydrive"",""all""]"
"6961087c549a926950baf3aa","sharefile-to-sharepoint","content","ShareFile to SharePoint Online Standard Plan - Standard Include","ShareFile to SharePoint Online Standard Plan - Standard Include.docx","","","standard","included","missing_planType|missing_includeType","[""sharefile-to-sharepoint"",""all""]"
"6961087c549a926950baf3ab","sharefile-to-sharepoint","content","ShareFile to SharePoint Online Standard Plan - Standard Not Include","ShareFile to SharePoint Online Standard Plan - Standard Not Include.docx","","","standard","notincluded","missing_planType|missing_includeType","[""sharefile-to-sharepoint"",""all""]"
"69610cf23547b19ad8d5d7ca","all","content","SharePoint to SharePoint Online Standard Plan - Standard Include","SharePoint to SharePoint Online Standard Plan - Standard Include.docx","","","standard","included","missing_planType|missing_includeType","[""all""]"
"69610cf23547b19ad8d5d7cb","all","content","SharePoint to SharePoint Online Standard Plan - Standard Not Include","SharePoint to SharePoint Online Standard Plan - Standard Not Include.docx","","","standard","notincluded","missing_planType|missing_includeType","[""all""]"
"6961122e248c36af361e6057","egnyte-to-onedrive","content","Egnyte to OneDrive Advanced Plan - Advanced Include","Egnyte to OneDrive Advanced Plan - Advanced Include.docx","","","advanced","included","missing_planType|missing_includeType","[""egnyte-to-onedrive"",""all""]"
"6961122e248c36af361e6058","egnyte-to-onedrive","content","Egnyte to OneDrive Advanced Plan - Advanced Not Include","Egnyte to OneDrive Advanced Plan - Advanced Not Include.docx","","","advanced","notincluded","missing_planType|missing_includeType","[""egnyte-to-onedrive"",""all""]"
"69651aaca38329fa37bb6bfb","google-chat-to-teams","messaging","Google Chat to Teams Advanced Plan - Advanced Include","google-chat-to-teams-advanced-plan-included.docx","","","advanced","included","missing_planType|missing_includeType","[""google-chat-to-teams""]"
"69651aaca38329fa37bb6bfc","google-chat-to-teams","messaging","Google Chat to Teams Advanced Plan - Advanced Not Include","google-chat-to-teams-advanced-plan-notincluded.docx","","","advanced","notincluded","missing_planType|missing_includeType","[""google-chat-to-teams""]"
"6966598efe0fbb24853923a4","gmail-to-outlook","email","Gmail to Outlook Standard Plan - Standard Include","Gmail to Outlook Standard Plan - Standard Include.docx","","","standard","included","missing_planType|missing_includeType","[""gmail-to-outlook"",""all""]"
"6966598efe0fbb24853923a5","gmail-to-outlook","email","Gmail to Outlook Standard Plan - Standard Not Include","Gmail to Outlook Standard Plan - Standard Not Include.docx","","","standard","notincluded","missing_planType|missing_includeType","[""gmail-to-outlook"",""all""]"
"69666f5b1dd31d683c881e49","gmail-to-gmail","email","Gmail to Gmail Standard Plan - Standard Include","Gmail to Gmail Standard Plan - Standard Include.docx","","","standard","included","missing_planType|missing_includeType","[""gmail-to-gmail"",""all""]"
"69666f5b1dd31d683c881e4a","gmail-to-gmail","email","Gmail to Gmail Standard Plan - Standard Not Include","Gmail to Gmail Standard Plan - Standard Not Include.docx","","","standard","notincluded","missing_planType|missing_includeType","[""gmail-to-gmail"",""all""]"
"6967694a3b13a06c6ca3fc73","outlook-to-outlook","email","Outlook to Outlook - Included Features","Outlook to Outlook - Included Features.docx","","","","included","missing_includeType","[""outlook-to-outlook"",""all""]"
"6967694a3b13a06c6ca3fc74","outlook-to-outlook","email","Outlook to Outlook - Not Included Features","Outlook to Outlook - Not Included Features.docx","","","","notincluded","missing_includeType","[""outlook-to-outlook"",""all""]"
"69676e71c84be3eb7ff440bb","outlook-to-gmail","email","Outlook to Gmail - Included Features","Outlook to Gmail - Included Features.docx","","","","included","missing_includeType","[""outlook-to-gmail"",""all""]"
"69676e71c84be3eb7ff440bc","outlook-to-gmail","email","Outlook to Gmail - Not Included Features","Outlook to Gmail - Not Included Features.docx","","","","notincluded","missing_includeType","[""outlook-to-gmail"",""all""]"
"69677e9c092ca2d1d59d54c0","sharefile-to-google-mydrive","content","ShareFile to Google Drive (MyDrive & Shared Drive) Standard Plan - Standard Include","ShareFile to Google Drive (MyDrive & Shared Drive) Standard Plan - Standard Include.docx","","","standard","included","missing_planType|missing_includeType","[""sharefile-to-google-mydrive"",""sharefile-to-google-sharedrive"",""all""]"
"69677e9c092ca2d1d59d54c1","sharefile-to-google-mydrive","content","ShareFile to Google Drive (MyDrive & Shared Drive) Standard Plan - Standard Not Include","ShareFile to Google Drive (MyDrive & Shared Drive) Standard Plan - Standard Not Include.docx","","","standard","notincluded","missing_planType|missing_includeType","[""sharefile-to-google-mydrive"",""sharefile-to-google-sharedrive"",""all""]"
"6967906d0d2cb1db2f4aec0b","dropbox-to-mydrive","content","Dropbox to Google Drive (MyDrive & Shared Drive) Advanced Plan - Advanced Include","Dropbox to Google Drive (MyDrive & Shared Drive) Advanced Plan - Advanced Include.docx","","","advanced","included","missing_planType|missing_includeType","[""dropbox-to-mydrive"",""dropbox-to-google-sharedrive"",""dropbox-to-google"",""all""]"
"6967906d0d2cb1db2f4aec0c","dropbox-to-mydrive","content","Dropbox to Google Drive (MyDrive & Shared Drive) Advanced Plan - Advanced Not Include","Dropbox to Google Drive (MyDrive & Shared Drive) Advanced Plan - Advanced Not Include.docx","","","advanced","notincluded","missing_planType|missing_includeType","[""dropbox-to-mydrive"",""dropbox-to-google-sharedrive"",""dropbox-to-google"",""all""]"
"696794cfefad1346d9b6b87f","google-mydrive-to-google-sharedrive","content","Google Drive to Google(MyDrive & Shared Drive) - Included Features","Google Drive to Google(MyDrive & Shared Drive) - Included Features.docx","","","","included","missing_includeType","[""google-mydrive-to-google-sharedrive"",""google-sharedrive-to-google-sharedrive"",""all""]"
"69679bc62f0ef8fcd31a6083","google-mydrive-to-google-mydrive","content","Google MyDrive to Google(MyDrive & Shared Drive) Standard Plan - Standard Include","Google MyDrive to Google(MyDrive & Shared Drive) Standard Plan - Standard Include.docx","","","standard","included","missing_planType|missing_includeType","[""google-mydrive-to-google-mydrive"",""google-mydrive-to-google-sharedrive"",""all""]"
"69679d6e0f005aa81af00acd","google-mydrive-to-google-mydrive","content","Google MyDrive to Google(MyDrive & Shared Drive) Standard Plan - Standard Not Include","Google MyDrive to Google(MyDrive & Shared Drive) Standard Plan - Standard Not Include.docx","","","standard","notincluded","missing_planType|missing_includeType","[""google-mydrive-to-google-mydrive"",""google-mydrive-to-google-sharedrive"",""all""]"
"6967c696a7d7c1972a07ea6e","outlook-to-gmail","email","Outlook to Gmail - Included Features","Outlook to Gmail - Included.docx","","","","included","missing_includeType","[""outlook-to-gmail"",""all""]"
"6967c696a7d7c1972a07ea6f","outlook-to-gmail","email","Outlook to Gmail - Not Included Features","Outlook to Gmail - Not Included.docx","","","","notincluded","missing_includeType","[""outlook-to-gmail"",""all""]"
"6967c696a7d7c1972a07ea70","outlook-to-outlook","email","Outlook to Outlook - Included Features","Outlook to Outlook - Included.docx","","","","included","missing_includeType","[""outlook-to-outlook"",""all""]"
"6967c696a7d7c1972a07ea71","outlook-to-outlook","email","Outlook to Outlook - Not Included Features","Outlook to Outlook - Not Included.docx","","","","notincluded","missing_includeType","[""outlook-to-outlook"",""all""]"
"6967c696a7d7c1972a07ea72","sharefile-to-google-sharedrive","content","ShareFile to Google Shared Drive Standard Plan - Standard Include","ShareFile to Google Shared Drive Standard Plan - Standard Include.docx","","","standard","included","missing_planType|missing_includeType","[""sharefile-to-google-sharedrive"",""all""]"
"6967c696a7d7c1972a07ea73","sharefile-to-google-sharedrive","content","ShareFile to Google Shared Drive Standard Plan - Standard Not Include","ShareFile to Google Shared Drive Standard Plan - Standard Not Include.docx","","","standard","notincluded","missing_planType|missing_includeType","[""sharefile-to-google-sharedrive"",""all""]"
"6967c696a7d7c1972a07ea74","dropbox-to-google","content","Dropbox to Google Shared Drive Advanced Plan - Advanced Include","Dropbox to Google Shared Drive Advanced Plan - Advanced Include.docx","","","advanced","included","missing_planType|missing_includeType","[""dropbox-to-google"",""dropbox-to-google-sharedrive"",""all""]"
"6967c696a7d7c1972a07ea75","dropbox-to-google","content","Dropbox to Google Shared Drive Advanced Plan - Advanced Not Include","Dropbox to Google Shared Drive Advanced Plan - Advanced Not Include.docx","","","advanced","notincluded","missing_planType|missing_includeType","[""dropbox-to-google"",""dropbox-to-google-sharedrive"",""all""]"
"6967c697a7d7c1972a07ea76","box-to-google-sharedrive","content","Box to Google Shared Drive Advanced Plan - Advanced Include","Box to Google Shared Drive Advanced Plan - Advanced Include.docx","","","advanced","included","missing_planType|missing_includeType","[""box-to-google-sharedrive"",""all""]"
"6967c6f61c43c340eba3effa","egnyte-to-sharepoint-online","content","Egnyte to SharePoint Standard Plan - Standard Include","Egnyte to SharePoint Standard Plan - Standard Include.docx","","","standard","included","missing_planType|missing_includeType","[""egnyte-to-sharepoint-online"",""all""]"
"6967c6f61c43c340eba3effb","egnyte-to-sharepoint-online","content","Egnyte to SharePoint Standard Plan - Standard Not Include","Egnyte to SharePoint Standard Plan - Standard Not Include.docx","","","standard","notincluded","missing_planType|missing_includeType","[""egnyte-to-sharepoint-online"",""all""]"
"6968e05996a48833c61e2e8f","teams-to-google-chat","messaging","Teams to Google Chat - Included Features","Teams to Google Chat - Included Features.docx","","","","included","missing_includeType","[""teams-to-google-chat"",""all""]"
"6968e05a96a48833c61e2e90","teams-to-google-chat","messaging","Teams to Google Chat - Not Included Feature","Teams to Google Chat - Not Included Feature.docx","","","","notincluded","missing_includeType","[""teams-to-google-chat"",""all""]"
"69690924837643c641dc027e","meta-to-google-chat","messaging","Meta to Google Chat - Included Features","Meta to Google Chat - Included Features.docx","","","","included","missing_includeType","[""meta-to-google-chat"",""all""]"
"69690924837643c641dc027f","meta-to-google-chat","messaging","Meta to Google Chat - Not Included Feature","Meta to Google Chat - Not Included Feature.docx","","","","notincluded","missing_includeType","[""meta-to-google-chat"",""all""]"
"696a3263ff83000a522caa86","dropbox-to-azureblob","content","Dropbox to AzureBlob Standard Plan - Standard Included","Dropbox to AzureBlob Standard Plan - Standard Included.docx","","","standard","included","missing_planType|missing_includeType","[""dropbox-to-azureblob"",""all""]"
"696a3264ff83000a522caa87","dropbox-to-azureblob","content","Dropbox to AzureBlob Standard Plan - Standard Not Included","Dropbox to AzureBlob Standard Plan - Standard Not Included.docx","","","standard","notincluded","missing_planType|missing_includeType","[""dropbox-to-azureblob"",""all""]"
"696a388e881ea6ca2b2a5fc1","dropbox-to-azureblob","content","Dropbox to AzureBlob Advanced Plan - Advanced Include","Dropbox to AzureBlob Advanced Plan - Advanced Include.docx","","","advanced","included","missing_planType|missing_includeType","[""dropbox-to-azureblob"",""all""]"
"696a388e881ea6ca2b2a5fc2","dropbox-to-azureblob","content","Dropbox to AzureBlob Advanced Plan - Advanced Not Include","Dropbox to AzureBlob Advanced Plan - Advanced Not Include.docx","","","advanced","notincluded","missing_planType|missing_includeType","[""dropbox-to-azureblob"",""all""]"
"696a3dde5a70af93128b6172","dropbox-to-google","content","DropBox for Business to Google SharedDrive Advanced Plan - Advanced Include","DropBox for Business to Google SharedDrive Advanced Plan - Advanced Include.docx","","","advanced","included","missing_planType|missing_includeType","[""dropbox-to-google"",""dropbox-to-google-sharedrive"",""all""]"
"696a3dde5a70af93128b6173","dropbox-to-google","content","DropBox for Business to Google SharedDrive Advanced Plan - Advanced Not Include","DropBox for Business to Google SharedDrive Advanced Plan - Advanced Not Include.docx","","","advanced","notincluded","missing_planType|missing_includeType","[""dropbox-to-google"",""dropbox-to-google-sharedrive"",""all""]"
"696a45415d18434d1b410b51","dropbox-to-mydrive","content","Dropbox to Google MyDrive Advanced Plan - Advanced Include","Dropbox to Google MyDrive Advanced Plan - Advanced Include.docx","","","advanced","included","missing_planType|missing_includeType","[""dropbox-to-mydrive"",""dropbox-to-google"",""all""]"
"696a45415d18434d1b410b52","dropbox-to-mydrive","content","Dropbox to Google MyDrive Advanced Plan - Advanced Not Include","Dropbox to Google MyDrive Advanced Plan - Advanced Not Include.docx","","","advanced","notincluded","missing_planType|missing_includeType","[""dropbox-to-mydrive"",""dropbox-to-google"",""all""]"
"696f33944eb870c3ba651965","dropbox-to-google-mydrive","content","Dropbox to Google MyDrive Standard Plan - Standard Include","Dropbox to Google MyDrive Standard Plan - Standard Include.docx","","","standard","included","missing_planType|missing_includeType","[""dropbox-to-google-mydrive"",""dropbox-to-mydrive""]"
"696f33944eb870c3ba651966","dropbox-to-google-mydrive","content","Dropbox to Google MyDrive Standard Plan - Standard Not Included","Dropbox to Google MyDrive Standard Plan - Standard Not Included.docx","","","standard","notincluded","missing_planType|missing_includeType","[""dropbox-to-google-mydrive"",""dropbox-to-mydrive""]"
"696f38a6d4801a6e36648227","sharefile-to-google-sharedrive","content","ShareFile to Google SharedDrive Standard Plan - Standard Included","ShareFile to Google SharedDrive Standard Plan - Standard Included.docx","","","standard","included","missing_planType|missing_includeType","[""sharefile-to-google-sharedrive"",""all""]"
"696f38a6d4801a6e36648228","sharefile-to-google-sharedrive","content","ShareFile to Google SharedDrive Standard Plan - Standard Not Included","ShareFile to Google SharedDrive Standard Plan - Standard Not Included.docx","","","standard","notincluded","missing_planType|missing_includeType","[""sharefile-to-google-sharedrive"",""all""]"
"696f78ffeb26b2aa1cd79fe8","sharefile-to-google-mydrive","content","ShareFile to Google MyDrive Standard Plan - Standard Included","ShareFile to Google MyDrive Standard Plan - Standard Included.docx","","","standard","included","missing_planType|missing_includeType","[""sharefile-to-google-mydrive"",""all""]"
"696f78ffeb26b2aa1cd79fe9","sharefile-to-google-mydrive","content","ShareFile to Google MyDrive Standard Plan - Standard Not Included","ShareFile to Google MyDrive Standard Plan - Standard Not Included.docx","","","standard","notincluded","missing_planType|missing_includeType","[""sharefile-to-google-mydrive"",""all""]"
"696f7900eb26b2aa1cd79fea","google-sharedrive-to-google-sharedrive","content","Google Shared Drive to Google Shared Drive Standard Plan - Standard Included","Google Shared Drive to Google Shared Drive Standard Plan - Standard Included.docx","","","standard","included","missing_planType|missing_includeType","[""google-sharedrive-to-google-sharedrive"",""all""]"
"696f7900eb26b2aa1cd79feb","google-sharedrive-to-google-sharedrive","content","Google Shared Drive to Google Shared Drive Standard Plan - Standard Not Included","Google Shared Drive to Google Shared Drive Standard Plan - Standard Not Included.docx","","","standard","notincluded","missing_planType|missing_includeType","[""google-sharedrive-to-google-sharedrive"",""all""]"
"696f7900eb26b2aa1cd79fec","google-sharedrive-to-google-sharedrive","content","Google Shared Drive to Google Shared Drive Advanced Plan - Advanced Included","Google Shared Drive to Google Shared Drive Advanced Plan - Advanced Included.docx","","","advanced","included","missing_planType|missing_includeType","[""google-sharedrive-to-google-sharedrive"",""all""]"
"696f7900eb26b2aa1cd79fed","google-sharedrive-to-google-sharedrive","content","Google Shared Drive to Google Shared Drive Advanced Plan - Advanced Not Included","Google Shared Drive to Google Shared Drive Advanced Plan - Advanced Not Included.docx","","","advanced","notincluded","missing_planType|missing_includeType","[""google-sharedrive-to-google-sharedrive"",""all""]"
"696f7e26f09b5547ac44e2be","google-sharedrive-to-sharepoint","content","Google Shared Drive to SharePoint Online Standard Plan - Standard Included","Google Shared Drive to SharePoint Online Standard Plan - Standard Included.docx","","","standard","included","missing_planType|missing_includeType","[""google-sharedrive-to-sharepoint"",""all""]"
"696f7e26f09b5547ac44e2bf","google-sharedrive-to-sharepoint","content","Google Shared Drive to SharePoint Online Standard Plan - Standard Not Included","Google Shared Drive to SharePoint Online Standard Plan - Standard Not Included.docx","","","standard","notincluded","missing_planType|missing_includeType","[""google-sharedrive-to-sharepoint"",""all""]"
"696f7e26f09b5547ac44e2c0","google-sharedrive-to-sharepoint","content","Google Shared Drive to SharePoint Online Advanced Plan - Advanced Included","Google Shared Drive to SharePoint Online Advanced Plan - Advanced Included.docx","","","advanced","included","missing_planType|missing_includeType","[""google-sharedrive-to-sharepoint"",""all""]"
"696f7e26f09b5547ac44e2c1","google-sharedrive-to-sharepoint","content","Google Shared Drive to SharePoint Online Advanced Plan - Advanced Not Included","Google Shared Drive to SharePoint Online Advanced Plan - Advanced Not Included.docx","","","advanced","notincluded","missing_planType|missing_includeType","[""google-sharedrive-to-sharepoint"",""all""]"
"696f8421f3047be71dccf558","google-sharedrive-to-egnyte","content","Google Shared Drive to Egnyte Standard Plan - Standard Included","Google Shared Drive to Egnyte Standard Plan - Standard Included.docx","","","standard","included","missing_planType|missing_includeType","[""google-sharedrive-to-egnyte"",""all""]"
"696f8421f3047be71dccf559","google-sharedrive-to-egnyte","content","Google Shared Drive to Egnyte Standard Plan - Standard Not Included","Google Shared Drive to Egnyte Standard Plan - Standard Not Included.docx","","","standard","notincluded","missing_planType|missing_includeType","[""google-sharedrive-to-egnyte"",""all""]"
"696f8421f3047be71dccf55a","google-sharedrive-to-egnyte","content","Google Shared Drive to Egnyte Advanced Plan - Advanced Included","Google Shared Drive to Egnyte Advanced Plan - Advanced Included.docx","","","advanced","included","missing_planType|missing_includeType","[""google-sharedrive-to-egnyte"",""all""]"
"696f8421f3047be71dccf55b","google-sharedrive-to-egnyte","content","Google Shared Drive to Egnyte Advanced Plan - Advanced Not Included","Google Shared Drive to Egnyte Advanced Plan - Advanced Not Included.docx","","","advanced","notincluded","missing_planType|missing_includeType","[""google-sharedrive-to-egnyte"",""all""]"
"696f875d4cdcc4428b8e8f77","google-sharedrive-to-onedrive","content","Google Shared Drive to OneDrive Standard Plan - Standard Included","Google Shared Drive to OneDrive Standard Plan - Standard Included.docx","","","standard","included","missing_planType|missing_includeType","[""google-sharedrive-to-onedrive"",""all""]"
"696f875d4cdcc4428b8e8f78","google-sharedrive-to-onedrive","content","Google Shared Drive to OneDrive Standard Plan - Standard Not Included","Google Shared Drive to OneDrive Standard Plan - Standard Not Included.docx","","","standard","notincluded","missing_planType|missing_includeType","[""google-sharedrive-to-onedrive"",""all""]"
"696f875d4cdcc4428b8e8f79","google-sharedrive-to-onedrive","content","Google Shared Drive to OneDrive Advanced Plan - Advanced Included","Google Shared Drive to OneDrive Advanced Plan - Advanced Included.docx","","","advanced","included","missing_planType|missing_includeType","[""google-sharedrive-to-onedrive"",""all""]"
"696f875d4cdcc4428b8e8f7a","google-sharedrive-to-onedrive","content","Google Shared Drive to OneDrive Advanced Plan - Advanced Not Included","Google Shared Drive to OneDrive Advanced Plan - Advanced Not Included.docx","","","advanced","notincluded","missing_planType|missing_includeType","[""google-sharedrive-to-onedrive"",""all""]"
"696f8f5dc2467ec897cdd7f1","sharepoint-online-to-google-sharedrive","content","SharePoint to Google Shared Drive Standard Plan - Standard Included","SharePoint to Google Shared Drive Standard Plan - Standard Included.docx","","","standard","included","missing_planType|missing_includeType","[""sharepoint-online-to-google-sharedrive"",""all""]"
"696f8f5dc2467ec897cdd7f2","sharepoint-online-to-google-sharedrive","content","SharePoint to Google Shared Drive Standard Plan - Standard Not Included","SharePoint to Google Shared Drive Standard Plan - Standard Not Included.docx","","","standard","notincluded","missing_planType|missing_includeType","[""sharepoint-online-to-google-sharedrive"",""all""]"
"696f8f5dc2467ec897cdd7f3","sharepoint-online-to-google-sharedrive","content","SharePoint to Google Shared Drive Advanced Plan - Advanced Included","SharePoint to Google Shared Drive Advanced Plan - Advanced Included.docx","","","advanced","included","missing_planType|missing_includeType","[""sharepoint-online-to-google-sharedrive"",""all""]"
"696f8f5dc2467ec897cdd7f4","sharepoint-online-to-google-sharedrive","content","SharePoint to Google Shared Drive Advanced Plan - Advanced Not Included","SharePoint to Google Shared Drive Advanced Plan - Advanced Not Included.docx","","","advanced","notincluded","missing_planType|missing_includeType","[""sharepoint-online-to-google-sharedrive"",""all""]"
"696f926ad5e7e0c7b4e9e302","sharepoint-online-to-google-mydrive","content","SharePoint to Google MyDrive Standard Plan - Standard Included","SharePoint to Google MyDrive Standard Plan - Standard Included.docx","","","standard","included","missing_planType|missing_includeType","[""sharepoint-online-to-google-mydrive"",""all""]"
"696f926ad5e7e0c7b4e9e303","sharepoint-online-to-google-mydrive","content","SharePoint to Google MyDrive Standard Plan - Standard Not Included","SharePoint to Google MyDrive Standard Plan - Standard Not Included.docx","","","standard","notincluded","missing_planType|missing_includeType","[""sharepoint-online-to-google-mydrive"",""all""]"
"696f926ad5e7e0c7b4e9e304","sharepoint-online-to-google-mydrive","content","SharePoint to Google MyDrive Advanced Plan - Advanced Included","SharePoint to Google MyDrive Advanced Plan - Advanced Included.docx","","","advanced","included","missing_planType|missing_includeType","[""sharepoint-online-to-google-mydrive"",""all""]"
"696f926ad5e7e0c7b4e9e305","sharepoint-online-to-google-mydrive","content","SharePoint to Google MyDrive Advanced Plan - Advanced Not Included","SharePoint to Google MyDrive Advanced Plan - Advanced Not Included.docx","","","advanced","notincluded","missing_planType|missing_includeType","[""sharepoint-online-to-google-mydrive"",""all""]"
"696f951864f816edff35bf2b","sharepoint-online-to-egnyte","content","SharePoint to Egnyte Standard Plan - Standard Included","SharePoint to Egnyte Standard Plan - Standard Included.docx","","","standard","included","missing_planType|missing_includeType","[""sharepoint-online-to-egnyte"",""all""]"
"696f951864f816edff35bf2c","sharepoint-online-to-egnyte","content","SharePoint to Egnyte Standard Plan - Standard Not Included","SharePoint to Egnyte Standard Plan - Standard Not Included.docx","","","standard","notincluded","missing_planType|missing_includeType","[""sharepoint-online-to-egnyte"",""all""]"
"696f951964f816edff35bf2d","sharepoint-online-to-egnyte","content","SharePoint to Egnyte Advanced Plan - Advanced Included","SharePoint to Egnyte Advanced Plan - Advanced Included.docx","","","advanced","included","missing_planType|missing_includeType","[""sharepoint-online-to-egnyte"",""all""]"
"696f951964f816edff35bf2e","sharepoint-online-to-egnyte","content","SharePoint to Egnyte Advanced Plan - Advanced Not Included","SharePoint to Egnyte Advanced Plan - Advanced Not Included.docx","","","advanced","notincluded","missing_planType|missing_includeType","[""sharepoint-online-to-egnyte"",""all""]"
"69705d075db342c1893897ad","sharefile-to-google-sharedrive","content","ShareFile to Google Shared Drive Advanced Plan - Included Features","sharefile-to-google-sharedrive-advanced-plan-included.docx","","","advanced","included","missing_planType|missing_includeType","[""sharefile-to-google-sharedrive"",""all""]"
"69705d085db342c1893897ae","sharefile-to-google-sharedrive","content","ShareFile to Google Shared Drive Advanced Plan - Not Included Features","sharefile-to-google-sharedrive-advanced-plan-notincluded.docx","","","advanced","notincluded","missing_planType|missing_includeType","[""sharefile-to-google-sharedrive"",""all""]"
"69806f486e2187fba0c865fa","egnyte-to-microsoft","content","Egnyte to Microsoft Standard Exhibit","egnyte-to-microsoft-standard.docx","","","standard","","missing_planType","[""egnyte-to-microsoft"",""all""]"
"69806f486e2187fba0c865fb","egnyte-to-microsoft","content","Egnyte to Microsoft Advanced Exhibit","egnyte-to-microsoft-advanced.docx","","","advanced","","missing_planType","[""egnyte-to-microsoft"",""all""]"
"698c5c4482063125b325c48e","slack-to-google-chat","messaging","Slack to Google Chat Basic Plan - Basic Not Include","Slack to Google Chat Basic Plan - Basic Not Include.docx","","notincluded","basic","notincluded","missing_planType","[""slack-to-google-chat"",""all""]"
"698da99698c677ec58d51e2f","teams-to-teams","messaging","Teams to Teams Advanced Plan - Advanced Included","Teams to Teams Advanced Plan - Advanced Included.docx","","","advanced","included","missing_planType|missing_includeType","[""teams-to-teams""]"
"698da99698c677ec58d51e30","teams-to-teams","messaging","Teams to Teams Advanced Plan - Advanced Not Included","Teams to Teams Advanced Plan - Advanced Not Included.docx","","","advanced","notincluded","missing_planType|missing_includeType","[""teams-to-teams""]"